{
  "domContentLoaded": 18.200000047683716,
  "loadComplete": 0.2999999523162842,
  "firstByte": 25.90000009536743,
  "domInteractive": 324.39999985694885
}