{
  "domContentLoaded": 11.299999997019768,
  "loadComplete": 0.9000000059604645,
  "firstByte": 51.900000005960464,
  "domInteractive": 627.7999999970198
}