{
  "domContentLoaded": 3.5999999940395355,
  "loadComplete": 0.29999999701976776,
  "firstByte": 24.299999997019768,
  "domInteractive": 318
}